sembol;sirket;marketcap;kur;temettue;kategorie;endeks;rag-text
ASELS;Aselsan Elektronik Sanayi ve Ticaret A.S. Class B;21,82 B ;200,3;0,05;Elektronik teknolojisi;BIST100;ASELS (Aselsan Elektronik Sanayi ve Ticaret A.S. Class B) BIST100 endeksinin bir üyesidir. Şirketin mevcut piyasa değeri 21,82 B TRY'dir. Aselsan Elektronik Sanayi ve Ticaret A.S. Class B şu anda temettü ödemektedir. Detaylar: Mevcut temettü getirisi hisse başına 0,05'tir. Bu da ASELS endeks içinde önemli bir temettü ödeyici haline getirmektedir. Aselsan Elektronik Sanayi ve Ticaret A.S. Class B Elektronik teknolojisi alanında faaliyet göstermektedir. Ekim 2025 de ortalama hisse kuru 200,3 TL dir.
GARAN;Turkiye Garanti Bankasi Anonim Sirketi;11,87 B ;118,7;3,64;Finans;BIST100;GARAN (Turkiye Garanti Bankasi Anonim Sirketi) BIST100 endeksinin bir üyesidir. Şirketin mevcut piyasa değeri 11,87 B TRY'dir. Turkiye Garanti Bankasi Anonim Sirketi şu anda temettü ödemektedir. Detaylar: Mevcut temettü getirisi hisse başına 3,64'tir. Bu da GARAN endeks içinde önemli bir temettü ödeyici haline getirmektedir. Turkiye Garanti Bankasi Anonim Sirketi Finans alanında faaliyet göstermektedir. Ekim 2025 de ortalama hisse kuru 118,7 TL dir.
ENKAI;Enka Insaat ve Sanayi A.S.;9,72 B ;70,1;3,28;Endüstriyel hizmetler;BIST100;ENKAI (Enka Insaat ve Sanayi A.S.) BIST100 endeksinin bir üyesidir. Şirketin mevcut piyasa değeri 9,72 B TRY'dir. Enka Insaat ve Sanayi A.S. şu anda temettü ödemektedir. Detaylar: Mevcut temettü getirisi hisse başına 3,28'tir. Bu da ENKAI endeks içinde önemli bir temettü ödeyici haline getirmektedir. Enka Insaat ve Sanayi A.S. Endüstriyel hizmetler alanında faaliyet göstermektedir. Ekim 2025 de ortalama hisse kuru 70,1 TL dir.
THYAO;Turk Hava Yollari A.O.;9,58 B ;294,25;2,33;Ulaşım araçları;BIST100;THYAO (Turk Hava Yollari A.O.) BIST100 endeksinin bir üyesidir. Şirketin mevcut piyasa değeri 9,58 B TRY'dir. Turk Hava Yollari A.O. şu anda temettü ödemektedir. Detaylar: Mevcut temettü getirisi hisse başına 2,33'tir. Bu da THYAO endeks içinde önemli bir temettü ödeyici haline getirmektedir. Turk Hava Yollari A.O. Ulaşım araçları alanında faaliyet göstermektedir. Ekim 2025 de ortalama hisse kuru 294,25 TL dir.
KCHOL;Koc Holding A.S.;9,28 B ;154,9;4,41;Enerji mineralleri;BIST100;KCHOL (Koc Holding A.S.) BIST100 endeksinin bir üyesidir. Şirketin mevcut piyasa değeri 9,28 B TRY'dir. Koc Holding A.S. şu anda temettü ödemektedir. Detaylar: Mevcut temettü getirisi hisse başına 4,41'tir. Bu da KCHOL endeks içinde önemli bir temettü ödeyici haline getirmektedir. Koc Holding A.S. Enerji mineralleri alanında faaliyet göstermektedir. Ekim 2025 de ortalama hisse kuru 154,9 TL dir.
TUPRS;Turkiye Petrol Rafinerileri A.S.;7,96 B ;174,1;8,63;Enerji mineralleri;BIST100;TUPRS (Turkiye Petrol Rafinerileri A.S.) BIST100 endeksinin bir üyesidir. Şirketin mevcut piyasa değeri 7,96 B TRY'dir. Turkiye Petrol Rafinerileri A.S. şu anda temettü ödemektedir. Detaylar: Mevcut temettü getirisi hisse başına 8,63'tir. Bu da TUPRS endeks içinde önemli bir temettü ödeyici haline getirmektedir. Turkiye Petrol Rafinerileri A.S. Enerji mineralleri alanında faaliyet göstermektedir. Ekim 2025 de ortalama hisse kuru 174,1 TL dir.
BIMAS;BIM Birlesik Magazalar A.S.;7,52 B ;532,5;2,22;Perakende;BIST100;BIMAS (BIM Birlesik Magazalar A.S.) BIST100 endeksinin bir üyesidir. Şirketin mevcut piyasa değeri 7,52 B TRY'dir. BIM Birlesik Magazalar A.S. şu anda temettü ödemektedir. Detaylar: Mevcut temettü getirisi hisse başına 2,22'tir. Bu da BIMAS endeks içinde önemli bir temettü ödeyici haline getirmektedir. BIM Birlesik Magazalar A.S. Perakende alanında faaliyet göstermektedir. Ekim 2025 de ortalama hisse kuru 532,5 TL dir.
ISCTR;Turkiye Is Bankasi Anonim Sirketi Class C;7,51 B ;11,41;1,57;Finans;BIST100;ISCTR (Turkiye Is Bankasi Anonim Sirketi Class C) BIST100 endeksinin bir üyesidir. Şirketin mevcut piyasa değeri 7,51 B TRY'dir. Turkiye Is Bankasi Anonim Sirketi Class C şu anda temettü ödemektedir. Detaylar: Mevcut temettü getirisi hisse başına 1,57'tir. Bu da ISCTR endeks içinde önemli bir temettü ödeyici haline getirmektedir. Turkiye Is Bankasi Anonim Sirketi Class C Finans alanında faaliyet göstermektedir. Ekim 2025 de ortalama hisse kuru 11,41 TL dir.
FROTO;Ford Otomotiv Sanayi A.S.;7,45 B ;90,5;3,46;Kullanım malları;BIST100;FROTO (Ford Otomotiv Sanayi A.S.) BIST100 endeksinin bir üyesidir. Şirketin mevcut piyasa değeri 7,45 B TRY'dir. Ford Otomotiv Sanayi A.S. şu anda temettü ödemektedir. Detaylar: Mevcut temettü getirisi hisse başına 3,46'tir. Bu da FROTO endeks içinde önemli bir temettü ödeyici haline getirmektedir. Ford Otomotiv Sanayi A.S. Kullanım malları alanında faaliyet göstermektedir. Ekim 2025 de ortalama hisse kuru 90,5 TL dir.
AKBNK;Akbank T.A.S.;6,75 B ;54,6;2,21;Finans;BIST100;AKBNK (Akbank T.A.S.) BIST100 endeksinin bir üyesidir. Şirketin mevcut piyasa değeri 6,75 B TRY'dir. Akbank T.A.S. şu anda temettü ödemektedir. Detaylar: Mevcut temettü getirisi hisse başına 2,21'tir. Bu da AKBNK endeks içinde önemli bir temettü ödeyici haline getirmektedir. Akbank T.A.S. Finans alanında faaliyet göstermektedir. Ekim 2025 de ortalama hisse kuru 54,6 TL dir.
YKBNK;Yapi ve Kredi Bankasi A.S.;5,63 B ;28,14;4,25;Finans;BIST100;YKBNK (Yapi ve Kredi Bankasi A.S.) BIST100 endeksinin bir üyesidir. Şirketin mevcut piyasa değeri 5,63 B TRY'dir. Yapi ve Kredi Bankasi A.S. şu anda temettü ödemektedir. Detaylar: Mevcut temettü getirisi hisse başına 4,25'tir. Bu da YKBNK endeks içinde önemli bir temettü ödeyici haline getirmektedir. Yapi ve Kredi Bankasi A.S. Finans alanında faaliyet göstermektedir. Ekim 2025 de ortalama hisse kuru 28,14 TL dir.
VAKBN;Turkiye Vakiflar Bankasi Turk Anonim Ortakligi;5,21 B ;22,16;0;Finans;BIST100;VAKBN (Turkiye Vakiflar Bankasi Turk Anonim Ortakligi) BIST100 endeksinin bir üyesidir. Şirketin mevcut piyasa değeri 5,21 B TRY'dir. Turkiye Vakiflar Bankasi Turk Anonim Ortakligi şu anda temettü ödememektedir. Detaylar: Mevcut temettü getirisi hisse başına 0'tir.  Turkiye Vakiflar Bankasi Turk Anonim Ortakligi Finans alanında faaliyet göstermektedir. Ekim 2025 de ortalama hisse kuru 22,16 TL dir.
TCELL;Turkcell Iletisim Hizmetleri A.S.;4,91 B ;93,6;4,88;Kommunikation;BIST100;TCELL (Turkcell Iletisim Hizmetleri A.S.) BIST100 endeksinin bir üyesidir. Şirketin mevcut piyasa değeri 4,91 B TRY'dir. Turkcell Iletisim Hizmetleri A.S. şu anda temettü ödemektedir. Detaylar: Mevcut temettü getirisi hisse başına 4,88'tir. Bu da TCELL endeks içinde önemli bir temettü ödeyici haline getirmektedir. Turkcell Iletisim Hizmetleri A.S. Iletisim alanında faaliyet göstermektedir. Ekim 2025 de ortalama hisse kuru 93,6 TL dir.
EREGL;Eregli Demir Ve Celik Fabrikalari T.A.S.;4,39 B ;26,82;0,92;Enerji dışı mineraller;BIST100;EREGL (Eregli Demir Ve Celik Fabrikalari T.A.S.) BIST100 endeksinin bir üyesidir. Şirketin mevcut piyasa değeri 4,39 B TRY'dir. Eregli Demir Ve Celik Fabrikalari T.A.S. şu anda temettü ödemektedir. Detaylar: Mevcut temettü getirisi hisse başına 0,92'tir. Bu da EREGL endeks içinde önemli bir temettü ödeyici haline getirmektedir. Eregli Demir Ve Celik Fabrikalari T.A.S. Enerji dışı mineraller alanında faaliyet göstermektedir. Ekim 2025 de ortalama hisse kuru 26,82 TL dir.
HALKB;Turkiye Halk Bankasi Anonim Sirketi;4,35 B ;25,48;0;Finans;BIST100;HALKB (Turkiye Halk Bankasi Anonim Sirketi) BIST100 endeksinin bir üyesidir. Şirketin mevcut piyasa değeri 4,35 B TRY'dir. Turkiye Halk Bankasi Anonim Sirketi şu anda temettü ödememektedir. Detaylar: Mevcut temettü getirisi hisse başına 0'tir.  Turkiye Halk Bankasi Anonim Sirketi Finans alanında faaliyet göstermektedir. Ekim 2025 de ortalama hisse kuru 25,48 TL dir.
TTKOM;Turk Telekomunikasyon A.S.;4,13 B ;48,85;0;İletişim;BIST100;TTKOM (Turk Telekomunikasyon A.S.) BIST100 endeksinin bir üyesidir. Şirketin mevcut piyasa değeri 4,13 B TRY'dir. Turk Telekomunikasyon A.S. şu anda temettü ödememektedir. Detaylar: Mevcut temettü getirisi hisse başına 0'tir. Turk Telekomunikasyon A.S. İletişim alanında faaliyet göstermektedir. Ekim 2025 de ortalama hisse kuru 48,85 TL dir.
DSTKF;Destek Finans Faktoring A.S.;4,02 B ;516;0;Finans;BIST100;DSTKF (Destek Finans Faktoring A.S.) BIST100 endeksinin bir üyesidir. Şirketin mevcut piyasa değeri 4,02 B TRY'dir. Destek Finans Faktoring A.S. şu anda temettü ödememektedir. Detaylar: Mevcut temettü getirisi hisse başına 0'tir.. Destek Finans Faktoring A.S. Finans alanında faaliyet göstermektedir. Ekim 2025 de ortalama hisse kuru 516 TL dir.
SAHOL;Haci Omer Sabanci Holding A.S.;3,83 B ;76,6;3,86;Finans;BIST100;SAHOL (Haci Omer Sabanci Holding A.S.) BIST100 endeksinin bir üyesidir. Şirketin mevcut piyasa değeri 3,83 B TRY'dir. Haci Omer Sabanci Holding A.S. şu anda temettü ödemektedir. Detaylar: Mevcut temettü getirisi hisse başına 3,86'tir. Bu da SAHOL indeks içinde önemli bir temettü ödeyici haline getirmektedir. Haci Omer Sabanci Holding A.S. Finans alanında faaliyet göstermektedir. Ekim 2025 de ortalama hisse kuru 76,6 TL dir.
SASA;Sasa Polyester Sanayi A.S.;3,14 B ;3,04;0;İmalat sanayi;BIST100;SASA (Sasa Polyester Sanayi A.S.) BIST100 endeksinin bir üyesidir. Şirketin mevcut piyasa değeri 3,14 B TRY'dir. Sasa Polyester Sanayi A.S. şu anda temettü ödememektedir. Detaylar: Mevcut temettü getirisi hisse başına 0'tir. Sasa Polyester Sanayi A.S. İmalat sanayi alanında faaliyet göstermektedir. Ekim 2025 de ortalama hisse kuru 3,04 TL dir.
CCOLA;Coca-Cola Icecek A.S.;3,11 B ;46,66;2,26;Tüketim malları;BIST100;CCOLA (Coca-Cola Icecek A.S.) BIST100 endeksinin bir üyesidir. Şirketin mevcut piyasa değeri 3,11 B TRY'dir. Coca-Cola Icecek A.S. şu anda temettü ödemektedir. Detaylar: Mevcut temettü getirisi hisse başına 2,26'tir. Bu da CCOLA endeks içinde önemli bir temettü ödeyici haline getirmektedir. Coca-Cola Icecek A.S. Tüketim malları alanında faaliyet göstermektedir. Ekim 2025 de ortalama hisse kuru 46,66 TL dir.
TOASO;Tofas Turk Otomobil Fabrikasi A.S.;2,99 B ;253,25;4,71;Kullanım malları;BIST100;TOASO (Tofas Turk Otomobil Fabrikasi A.S.) BIST100 endeksinin bir üyesidir. Şirketin mevcut piyasa değeri 2,99 B TRY'dir. Tofas Turk Otomobil Fabrikasi A.S. şu anda temettü ödemektedir. Detaylar: Mevcut temettü getirisi hisse başına 4,71'tir. Bu da TOASO endeks içinde önemli bir temettü ödeyici haline getirmektedir. Tofas Turk Otomobil Fabrikasi A.S. Kullanım malları alanında faaliyet göstermektedir. Ekim 2025 de ortalama hisse kuru 253,25 TL dir.
PGSUS;Pegasus Hava Tasimaciligi Anonim Sirketi;2,44 B ;205,2;0;Ulaşım araçları;BIST100;PGSUS (Pegasus Hava Tasimaciligi Anonim Sirketi) BIST100 endeksinin bir üyesidir. Şirketin mevcut piyasa değeri 2,44 B TRY'dir. Pegasus Hava Tasimaciligi Anonim Sirketi şu anda temettü ödememektedir. Detaylar: Mevcut temettü getirisi hisse başına 0'tir. Pegasus Hava Tasimaciligi Anonim Sirketi Ulaşım araçları alanında faaliyet göstermektedir. Ekim 2025 de ortalama hisse kuru 205,2 TL dir.
OYAKC;OYAK Cimento Fabrikalari A.S.;2,42 B ;20,92;0;Enerji dışı mineraller;BIST100;OYAKC (OYAK Cimento Fabrikalari A.S.) BIST100 endeksinin bir üyesidir. Şirketin mevcut piyasa değeri 2,42 B TRY'dir. OYAK Cimento Fabrikalari A.S. şu anda temettü ödememektedir. Detaylar: Mevcut temettü getirisi hisse başına 0'tir. OYAK Cimento Fabrikalari A.S. Enerji dışı mineraller alanında faaliyet göstermektedir. Ekim 2025 de ortalama hisse kuru 20,92 TL dir.
SISE;Turkiye Sise ve Cam Fabrikalari A.S.;2,32 B ;33,12;1,96;Kullanım malları;BIST100;SISE (Turkiye Sise ve Cam Fabrikalari A.S.) BIST100 endeksinin bir üyesidir. Şirketin mevcut piyasa değeri 2,32 B TRY'dir. Turkiye Sise ve Cam Fabrikalari A.S. şu anda temettü ödemektedir. Detaylar: Mevcut temettü getirisi hisse başına 1,96'tir. Bu da SISE endeks içinde önemli bir temettü ödeyici haline getirmektedir. Turkiye Sise ve Cam Fabrikalari A.S. Kullanım malları alanında faaliyet göstermektedir. Ekim 2025 de ortalama hisse kuru 33,12 TL dir.
TURSG;Turkiye Sigorta A.S.;2,18 B ;9,14;2,15;Finans;BIST100;TURSG (Turkiye Sigorta A.S.) BIST100 endeksinin bir üyesidir. Şirketin mevcut piyasa değeri 2,18 B TRY'dir. Turkiye Sigorta A.S. şu anda temettü ödemektedir. Detaylar: Mevcut temettü getirisi hisse başına 2,15'tir. Bu da TURSG endeks içinde önemli bir temettü ödeyici haline getirmektedir. Turkiye Sigorta A.S. Finans alanında faaliyet göstermektedir. Ekim 2025 de ortalama hisse kuru 9,14 TL dir.
ASTOR;Astor Enerji A.S.;2,18 B ;93,75;1,63;Üretici üretim;BIST100;ASTOR (Astor Enerji A.S.) BIST100 endeksinin bir üyesidir. Şirketin mevcut piyasa değeri 2,18 B TRY'dir. Astor Enerji A.S. şu anda temettü ödemektedir. Detaylar: Mevcut temettü getirisi hisse başına 1,63'tir. Bu da ASTOR endeks içinde önemli bir temettü ödeyici haline getirmektedir. Astor Enerji A.S. Üretici üretim alanında faaliyet göstermektedir. Ekim 2025 de ortalama hisse kuru 93,75 TL dir.
GUBRF;Gubre Fabrikalari T.A.S.;2,15 B ;271,75;0;İmalat sanayi;BIST100;GUBRF (Gubre Fabrikalari T.A.S.) BIST100 endeksinin bir üyesidir. Şirketin mevcut piyasa değeri 2,15 B TRY'dir. Gubre Fabrikalari T.A.S. şu anda temettü ödememektedir. Detaylar: Mevcut temettü getirisi hisse başına 0'tir. Gubre Fabrikalari T.A.S. İmalat sanayi alanında faaliyet göstermektedir. Ekim 2025 de ortalama hisse kuru 271,75 TL dir.
ENJSA;Enerjisa Enerji A.S.;2,15 B ;77,95;3,7;Tedarik tesisleri;BIST100;ENJSA (Enerjisa Enerji A.S.) BIST100 endeksinin bir üyesidir. Şirketin mevcut piyasa değeri 2,15 B TRY'dir. Enerjisa Enerji A.S. şu anda temettü ödemektedir. Detaylar: Mevcut temettü getirisi hisse başına 3,7'tir. Bu da ENJSA endeks içinde önemli bir temettü ödeyici haline getirmektedir. Enerjisa Enerji A.S. Tedarik tesisleri alanında faaliyet göstermektedir. Ekim 2025 de ortalama hisse kuru 77,95 TL dir.
GRTHO;Grainturk Holding A.S.;1,99 B ;681;0,02;Dağıtım hizmetleri;BIST100;GRTHO (Grainturk Holding A.S.) BIST100 endeksinin bir üyesidir. Şirketin mevcut piyasa değeri 1,99 B TRY'dir. Grainturk Holding A.S. şu anda temettü ödemektedir. Detaylar: Mevcut temettü getirisi hisse başına 0,02'tir. Bu da GRTHO endeks içinde önemli bir temettü ödeyici haline getirmektedir. Grainturk Holding A.S. Dağıtım hizmetleri alanındafaaliyet göstermektedir. Ekim 2025 de ortalama hisse kuru 681 TL dir.
PASEU;Pasifik Eurasia Lojistik dis Ticaret AS;1,97 B ;124,5;0;Ulaşım araçları;BIST100;PASEU (Pasifik Eurasia Lojistik dis Ticaret AS) BIST100 endeksinin bir üyesidir. Şirketin mevcut piyasa değeri 1,97 B TRY'dir. Pasifik Eurasia Lojistik dis Ticaret AS şu anda temettü ödemektedir. Detaylar: Mevcut temettü getirisi hisse başına 0'tir. Bu da PASEU endeks içinde önemli bir temettü ödeyici haline getirmektedir. Pasifik Eurasia Lojistik dis Ticaret AS Ulaşım araçları alanında faaliyet göstermektedir. Ekim 2025 de ortalama hisse kuru 124,5 TL dir.
ENERY;Enerya Enerji A.S.;1,95 B ;9,32;0,12;Tedarik tesisleri;BIST100;ENERY (Enerya Enerji A.S.) BIST100 endeksinin bir üyesidir. Şirketin mevcut piyasa değeri 1,95 B TRY'dir. Enerya Enerji A.S. şu anda temettü ödemektedir. Detaylar: Mevcut temettü getirisi hisse başına 0,12'tir. Bu da ENERY endeks içinde önemli bir temettü ödeyici haline getirmektedir. Enerya Enerji A.S. Tedarik tesisleri alanında faaliyet göstermektedir. Ekim 2025 de ortalama hisse kuru 9,32 TL dir.
AEFES;Anadolu Efes Biracilik ve Malt Sanayii A.S.;1,93 B ;14,05;0,92;Tüketim malları;BIST100;AEFES (Anadolu Efes Biracilik ve Malt Sanayii A.S.) BIST100 endeksinin bir üyesidir. Şirketin mevcut piyasa değeri 1,93 B TRY'dir. Anadolu Efes Biracilik ve Malt Sanayii A.S. şu anda temettü ödemektedir. Detaylar: Mevcut temettü getirisi hisse başına 0,92'tir. Bu da AEFES endeks içinde önemli bir temettü ödeyici haline getirmektedir. Anadolu Efes Biracilik ve Malt Sanayii A.S. Tüketim malları alanında faaliyet göstermektedir. Ekim 2025 de ortalama hisse kuru 14,05 TL dir.
TAVHL;TAV Havalimanlari Holding A.S.;1,91 B ;224,2;0;Ulaşım araçları;BIST100;TAVHL (TAV Havalimanlari Holding A.S.) BIST100 endeksinin bir üyesidir. Şirketin mevcut piyasa değeri 1,91 B TRY'dir. TAV Havalimanlari Holding A.S. şu anda temettü ödememektedir. Detaylar: Mevcut temettü getirisi hisse başına 0'tir. TAV Havalimanlari Holding A.S. Ulaşım araçları alanında faaliyet göstermektedir. Ekim 2025 de ortalama hisse kuru 224,2 TL dir.
KOZAL;Koza Altin Isletmeleri A.S.;1,87 B ;24,52;0;Enerji dışı mineraller;BIST100;KOZAL (Koza Altin Isletmeleri A.S.) BIST100 endeksinin bir üyesidir. Şirketin mevcut piyasa değeri 1,87 B TRY'dir. Koza Altin Isletmeleri A.S. şu anda temettü ödememektedir. Detaylar: Mevcut temettü getirisi hisse başına 0'tir. Koza Altin Isletmeleri A.S. Enerji dışı mineraller alanında faaliyet göstermektedir. Ekim 2025 de ortalama hisse kuru 24,52 TL dir.
MGROS;Migros Ticaret A.S.;1,83 B ;433,25;2,23;Perakende;BIST100;MGROS (Migros Ticaret A.S.) BIST100 endeksinin bir üyesidir. Şirketin mevcut piyasa değeri 1,83 B TRY'dir. Migros Ticaret A.S. şu anda temettü ödemektedir. Detaylar: Mevcut temettü getirisi hisse başına 2,23'tir. Bu da MGROS endeks içinde önemli bir temettü ödeyici haline getirmektedir. Migros Ticaret A.S. Perakende alanında faaliyet göstermektedir. Ekim 2025 de ortalama hisse kuru 433,25 TL dir.
ECILC;EIS Eczacibasi Ilac Sinai ve Finansal Yatirimlar Sanayi ve Ticaret A.S.;1,8 B ;107,2;1,56;Sağlık teknolojisi;BIST100;ECILC (EIS Eczacibasi Ilac Sinai ve Finansal Yatirimlar Sanayi ve Ticaret A.S.) BIST100 endeksinin bir üyesidir. Şirketin mevcut piyasa değeri 1,8 B TRY'dir. EIS Eczacibasi Ilac Sinai ve Finansal Yatirimlar Sanayi ve Ticaret A.S. şu anda temettü ödemektedir. Detaylar: Mevcut temettü getirisi hisse başına 1,56'tir. Bu da ECILC endeks içinde önemli bir temettü ödeyici haline getirmektedir. EIS Eczacibasi Ilac Sinai ve Finansal Yatirimlar Sanayi ve Ticaret A.S. Sağlık teknolojisi alanında faaliyet göstermektedir. Ekim 2025 de ortalama hisse kuru 107,2 TL dir.
ARCLK;Arcelik A.S.;1,69 B ;105,8;0;Kullanım malları;BIST100;ARCLK (Arcelik A.S.) BIST100 endeksinin bir üyesidir. Şirketin mevcut piyasa değeri 1,69 B TRY'dir. Arcelik A.S. şu anda temettü ödememektedir. Detaylar: Mevcut temettü getirisi hisse başına 0'tir. Arcelik A.S. Kullanım malları alanında faaliyet göstermektedir. Ekim 2025 de ortalama hisse kuru 105,8 TL dir.
MAGEN;MARGUN ENERJI URETIM SANAYI VE TICARET A.S.;1,68 B ;24,08;0;Tedarik tesisleri;BIST100;MAGEN (MARGUN ENERJI URETIM SANAYI VE TICARET A.S.) BIST100 endeksinin bir üyesidir. Şirketin mevcut piyasa değeri 1,68 B TRY'dir. MARGUN ENERJI URETIM SANAYI VE TICARET A.S. şu anda temettü ödemektedir. Detaylar: Mevcut temettü getirisi hisse başına 0'tir. Bu da MAGEN endeks içinde önemli bir temettü ödeyici haline getirmektedir. MARGUN ENERJI URETIM SANAYI VE TICARET A.S. Tedarik tesisleri alanında faaliyet göstermektedir. Ekim 2025 de ortalama hisse kuru 24,08 TL dir.
EKGYO;Emlak Konut Gayrimenkul Yatirim Ortakligi A.S.;1,59 B ;18,17;2,16;Finans;BIST100;EKGYO (Emlak Konut Gayrimenkul Yatirim Ortakligi A.S.) BIST100 endeksinin bir üyesidir. Şirketin mevcut piyasa değeri 1,59 B TRY'dir. Emlak Konut Gayrimenkul Yatirim Ortakligi A.S. şu anda temettü ödemektedir. Detaylar: Mevcut temettü getirisi hisse başına 2,16'tir. Bu da EKGYO endeks içinde önemli bir temettü ödeyici haline getirmektedir. Emlak Konut Gayrimenkul Yatirim Ortakligi A.S. Finans alanında faaliyet göstermektedir. Ekim 2025 de ortalama hisse kuru 18,17 TL dir.
MPARK;MLP Saglik Hizmetleri AS Class B;1,49 B ;328,5;0;Sağlık hizmetleri;BIST100;MPARK (MLP Saglik Hizmetleri AS Class B) BIST100 endeksinin bir üyesidir. Şirketin mevcut piyasa değeri 1,49 B TRY'dir. MLP Saglik Hizmetleri AS Class B şu anda temettü ödememektedir. Detaylar: Mevcut temettü getirisi hisse başına 0'tir. MLP Saglik Hizmetleri AS Class B Sağlık hizmetleri alanında faaliyet göstermektedir. Ekim 2025 de ortalama hisse kuru 328,5 TL dir.
GENIL;Gen Ilac ve Saglik Urunleri Sanayi ve Ticaret A.S.;1,44 B ;203,2;0,31;Sağlık teknolojisi;BIST100;GENIL (Gen Ilac ve Saglik Urunleri Sanayi ve Ticaret A.S.) BIST100 endeksinin bir üyesidir. Şirketin mevcut piyasa değeri 1,44 B TRY'dir. Gen Ilac ve Saglik Urunleri Sanayi ve Ticaret A.S. şu anda temettü ödemektedir. Detaylar: Mevcut temettü getirisi hisse başına 0,31'tir. Bu da GENIL endeks içinde önemli bir temettü ödeyici haline getirmektedir. Gen Ilac ve Saglik Urunleri Sanayi ve Ticaret A.S. Sağlık teknolojisi alanında faaliyet göstermektedir. Ekim 2025 de ortalama hisse kuru 203,2 TL dir.
TABGD;TAB Gida Sanayi ve Ticaret A.S.;1,44 B ;233;1,49;Tüketici hizmetleri;BIST100;TABGD (TAB Gida Sanayi ve Ticaret A.S.) BIST100 endeksinin bir üyesidir. Şirketin mevcut piyasa değeri 1,44 B TRY'dir. TAB Gida Sanayi ve Ticaret A.S. şu anda temettü ödemektedir. Detaylar: Mevcut temettü getirisi hisse başına 1,49'tir. Bu da TABGD endeks içinde önemli bir temettü ödeyici haline getirmektedir. TAB Gida Sanayi ve Ticaret A.S. Tüketici hizmetleri alanında faaliyet göstermektedir. Ekim 2025 de ortalama hisse kuru 233 TL dir.
AGHOL;AG Anadolu Grubu Holding Anonim Sirketi;1,4 B ;24,46;2,09;Tüketim malları;BIST100;AGHOL (AG Anadolu Grubu Holding Anonim Sirketi) BIST100 endeksinin bir üyesidir. Şirketin mevcut piyasa değeri 1,4 B TRY'dir. AG Anadolu Grubu Holding Anonim Sirketi şu anda temettü ödemektedir. Detaylar: Mevcut temettü getirisi hisse başına 2,09'tir. Buda AGHOL endeks içinde önemli bir temettü ödeyici haline getirmektedir. AG Anadolu Grubu Holding Anonim Sirketi Tüketim malları alanında faaliyet göstermektedir. Ekim 2025 de ortalama hisse kuru 24,46 TL dir.
AKSEN;Aksa Enerji Uretim A.S.;1,4 B ;48,12;2,68;Tedarik tesisleri;BIST100;AKSEN (Aksa Enerji Uretim A.S.) BIST100 endeksinin bir üyesidir. Şirketin mevcut piyasa değeri 1,4 B TRY'dir. Aksa Enerji Uretim A.S. şu anda temettü ödemektedir. Detaylar: Mevcut temettü getirisi hisse başına 2,68'tir. Bu da AKSEN endeks içinde önemli bir temettü ödeyici haline getirmektedir. Aksa Enerji Uretim A.S. Tedarik tesisleri alanında faaliyet göstermektedir. Ekim 2025 de ortalama hisse kuru 48,12 TL dir.
ISMEN;Is Yatirim Menkul Degerler AS;1,4 B ;39,34;14,27;Finans;BIST100;ISMEN (Is Yatirim Menkul Degerler AS) BIST100 endeksinin bir üyesidir. Şirketin mevcut piyasa değeri 1,4 B TRY'dir. Is Yatirim Menkul Degerler AS şu anda temettü ödemektedir. Detaylar: Mevcut temettü getirisi hisse başına 14,27'tir. Bu da ISMEN endeks içinde önemli bir temettü ödeyici haline getirmektedir. Is Yatirim Menkul Degerler AS Finans alanında faaliyet göstermektedir. Ekim 2025 de ortalama hisse kuru 39,34 TL dir.
RALYH;Ral Yatirim Holding A.S.;1,37 B ;175,6;0;Endüstriyel hizmetler;BIST100;RALYH (Ral Yatirim Holding A.S.) BIST100 endeksinin bir üyesidir. Şirketin mevcut piyasa değeri 1,37 B TRY'dir. Ral Yatirim Holding A.S. şu anda temettü ödememektedir. Detaylar: Mevcut temettü getirisi hisse başına 0'tir.Ral Yatirim Holding A.S. Endüstriyel hizmetler alanında faaliyet göstermektedir. Ekim 2025 de ortalama hisse kuru 175,6 TL dir.
BRSAN;BORUSAN BIRLESIK BORU FABRIKALARI SANAYI VE TICARET ANONIM SIRKETI;1,32 B ;391,5;0;Enerji dışı mineraller;BIST100;BRSAN (BORUSAN BIRLESIK BORU FABRIKALARI SANAYI VE TICARET ANONIM SIRKETI) BIST100 endeksinin bir üyesidir. Şirketin mevcut piyasa değeri 1,32 B TRY'dir. BORUSAN BIRLESIK BORU FABRIKALARI SANAYI VE TICARET ANONIM SIRKETI şu anda temettü ödememektedir. Detaylar: Mevcut temettü getirisi hisse başına 0'tir. BORUSAN BIRLESIK BORU FABRIKALARI SANAYI VE TICARET ANONIM SIRKETI Enerji dışı mineraller alanında faaliyet göstermektedir. Ekim 2025 de ortalama hisse kuru 391,5 TL dir.
TTRAK;Turk Traktor ve Ziraat Makineleri A.S.;1,3 B ;546,5;13,66;Üretici üretim;BIST100;TTRAK (Turk Traktor ve Ziraat Makineleri A.S.) BIST100 endeksinin bir üyesidir. Şirketin mevcut piyasa değeri 1,3 B TRY'dir. Turk Traktor ve Ziraat Makineleri A.S. şu anda temettü ödemektedir. Detaylar: Mevcut temettü getirisi hisse başına 13,66'tir. Bu da TTRAK endeks içinde önemli bir temettü ödeyici haline getirmektedir. Turk Traktor ve Ziraat Makineleri A.S. Üretici üretim alanında faaliyet göstermektedir. Ekim 2025 de ortalama hisse kuru 546,5 TL dir.
BRYAT;Borusan Yatirim ve Pazarlama AS;1,27 B ;1.932;2,97;Diğer;BIST100;BRYAT (Borusan Yatirim ve Pazarlama AS) BIST100 endeksinin bir üyesidir. Şirketin mevcut piyasa değeri 1,27 B TRY'dir. Borusan Yatirim ve Pazarlama AS şu anda temettü ödemektedir. Detaylar: Mevcut temettü getirisi hisse başına 2,97'tir. Bu da BRYAT endeks içinde önemli bir temettü ödeyici haline getirmektedir. Borusan Yatirim ve Pazarlama AS Diğer alanında faaliyet göstermektedir. Ekim 2025 de ortalama hisse kuru 1.932 TL dir.
OTKAR;Otokar Otomotiv ve Savunma Sanayi A.S.;1,2 B ;422,25;1,41;Kullanım malları;BIST100;OTKAR (Otokar Otomotiv ve Savunma Sanayi A.S.) BIST100 endeksinin bir üyesidir. Şirketin mevcut piyasa değeri 1,2 B TRY'dir. Otokar Otomotiv ve Savunma Sanayi A.S. şu anda temettü ödemektedir. Detaylar: Mevcut temettü getirisi hisse başına 1,41'tir. Bu da OTKAR endeks içinde önemli bir temettü ödeyici haline getirmektedir. Otokar Otomotiv ve Savunma Sanayi A.S. Kullanım malları alanında faaliyet göstermektedir. Ekim 2025 de ortalama hisse kuru 422,25 TL dir.
PETKM;Petkim Petrokimya Holding Anonim Sirketi;1,12 B ;17,75;0;İmalat sanayi;BIST100;PETKM (Petkim Petrokimya Holding Anonim Sirketi) BIST100 endeksinin bir üyesidir. Şirketin mevcut piyasa değeri 1,12 B TRY'dir. Petkim Petrokimya Holding Anonim Sirketi şu anda temettü ödememektedir. Detaylar: Mevcut temettü getirisi hisse başına 0'tir. Petkim Petrokimya Holding Anonim Sirketi İmalat sanayi alanında faaliyet göstermektedir. Ekim 2025 de ortalama hisse kuru 17,75 TL dir.
EFORC;Efor Yatirim Sanayi Ticaret A.S.;1,11 B ;129,4;0,11;Tüketim malları;BIST100;EFORC (Efor Yatirim Sanayi Ticaret A.S.) BIST100 endeksinin bir üyesidir. Şirketin mevcut piyasa değeri 1,11 B TRY'dir. Efor Yatirim Sanayi Ticaret A.S. şu anda temettü ödemektedir. Detaylar: Mevcut temettü getirisi hisse başına 0,11'tir. Bu da EFORC endeks içinde önemli bir temettü ödeyici haline getirmektedir. Efor Yatirim Sanayi Ticaret A.S. Tüketim malları alanında faaliyet göstermektedir. Ekim 2025 de ortalama hisse kuru 129,4 TL dir.
DOHOL;Dogan Sirketler Grubu Holding A.S.;1,1 B ;17,85;1,69;Perakende;BIST100;DOHOL (Dogan Sirketler Grubu Holding A.S.) BIST100 endeksinin bir üyesidir. Şirketin mevcut piyasa değeri 1,1 B TRY'dir. Dogan Sirketler Grubu Holding A.S. şu anda temettü ödemektedir. Detaylar: Mevcut temettü getirisi hisse başına 1,69'tir. Bu da DOHOL endeks içinde önemli bir temettü ödeyici haline getirmektedir. Dogan Sirketler Grubu Holding A.S. Perakende alanında faaliyet göstermektedir. Ekim 2025 de ortalama hisse kuru 17,85 TL dir.
AKSA;Aksa Akrilik Kimya Sanayii A.S.;1,08 B ;11,66;4,06;İmalat sanayi;BIST100;AKSA (Aksa Akrilik Kimya Sanayii A.S.) BIST100 endeksinin bir üyesidir. Şirketin mevcut piyasa değeri 1,08 B TRY'dir. Aksa Akrilik Kimya Sanayii A.S. şu anda temettü ödemektedir. Detaylar: Mevcut temettü getirisi hisse başına 4,06'tir. Bu da AKSA endeks içinde önemli bir temettü ödeyici haline getirmektedir. Aksa Akrilik Kimya Sanayii A.S. İmalat sanayi alanında faaliyet göstermektedir. Ekim 2025 de ortalama hisse kuru 11,66 TL dir.
ANSGR;Anadolu Anonim Turk Sigorta Sirketi A.S.;1,01 B ;21,3;4,89;Finans;BIST100;ANSGR (Anadolu Anonim Turk Sigorta Sirketi A.S.) BIST100 endeksinin bir üyesidir. Şirketin mevcut piyasa değeri 1,01 B TRY'dir. Anadolu Anonim Turk Sigorta Sirketi A.S. şu anda temettü ödemektedir. Detaylar: Mevcut temettü getirisi hisse başına 4,89'tir. Bu da ANSGR endeks içinde önemli bir temettü ödeyici haline getirmektedir. Anadolu Anonim Turk Sigorta Sirketi A.S. Finans alanında faaliyet göstermektedir. Ekim 2025 de ortalama hisse kuru 21,3 TL dir.
CIMSA;Cimsa Cimento Sanayi ve Ticaret A.S.;938,36 M ;42,56;1,5;Enerji dışı mineraller;BIST100;CIMSA (Cimsa Cimento Sanayi ve Ticaret A.S.) BIST100 endeksinin bir üyesidir. Şirketin mevcut piyasa değeri 938,36 M TRY'dir. Cimsa Cimento Sanayi ve Ticaret A.S. şu anda temettü ödemektedir. Detaylar: Mevcut temettü getirisi hisse başına 1,5'tir. Bu da CIMSA endeks içinde önemli bir temettü ödeyici haline getirmektedir. Cimsa Cimento Sanayi ve Ticaret A.S. Enerji dışı mineraller alanında faaliyet göstermektedir. Ekim 2025 de ortalama hisse kuru 42,56 TL dir.
CLEBI;Celebi Hava Servisi A.S.;866,52 M ;1.503;9,7;Ulaşım araçları;BIST100;CLEBI (Celebi Hava Servisi A.S.) BIST100 endeksinin bir üyesidir. Şirketin mevcut piyasa değeri 866,52 M TRY'dir. Celebi Hava Servisi A.S. şu anda temettü ödemektedir. Detaylar: Mevcut temettü getirisi hisse başına 9,7'tir. Bu da CLEBI endeks içinde önemli bir temettü ödeyici haline getirmektedir. Celebi Hava Servisi A.S. Ulaşım araçları alanında faaliyet göstermektedir. Ekim 2025 de ortalama hisse kuru 1.503 TL dir.
ULKER;Ulker Biskuvi Sanayi A.S.;859,39 M ;98,4;8,13;Tüketim malları;BIST100;ULKER (Ulker Biskuvi Sanayi A.S.) BIST100 endeksinin bir üyesidir. Şirketin mevcut piyasa değeri 859,39 M TRY'dir. Ulker Biskuvi Sanayi A.S. şu anda temettü ödemektedir. Detaylar: Mevcut temettü getirisi hisse başına 8,13'tir. Bu da ULKER endeks içinde önemli bir temettü ödeyici haline getirmektedir. Ulker Biskuvi Sanayi A.S. Tüketim malları alanında faaliyet göstermektedir. Ekim 2025 de ortalama hisse kuru 98,4 TL dir.
GRSEL;Gur-Sel Turizm Tasimacilik Ve Servis Ticaret A.S.;854,87 M ;349;0,22;Tüketici hizmetleri;BIST100;GRSEL (Gur-Sel Turizm Tasimacilik Ve Servis Ticaret A.S.) BIST100 endeksinin bir üyesidir. Şirketin mevcut piyasa değeri 854,87 M TRY'dir. Gur-Sel Turizm Tasimacilik Ve Servis Ticaret A.S. şu anda temettü ödemektedir. Detaylar: Mevcut temettü getirisi hisse başına 0,22'tir. Bu da GRSEL endeks içinde önemli bir temettü ödeyici haline getirmektedir. Gur-Sel Turizm Tasimacilik Ve Servis Ticaret A.S. Tüketici hizmetleri alanında faaliyet göstermektedir. Ekim 2025 de ortalama hisse kuru 349 TL dir.
DAPGM;DAP GAYRIMENKUL GELISTIRME AS;832,44 M ;13,23;0;Finans;BIST100;DAPGM (DAP GAYRIMENKUL GELISTIRME AS) BIST100 endeksinin bir üyesidir. Şirketin mevcut piyasa değeri 832,44 M TRY'dir. DAP GAYRIMENKUL GELISTIRME AS şu anda temettü ödememektedir. Detaylar: Mevcut temettü getirisi hisse başına 0'tir. DAP GAYRIMENKUL GELISTIRME AS Finans alanında faaliyet göstermektedir. Ekim 2025 de ortalama hisse kuru 13,23 TL dir.
KOZAA.;Koza Anadolu Metal Madencilik Isletmeleri A.S.;828,5 M ;90,35;0;Enerji dışı mineraller;BIST100;KOZAA. (Koza Anadolu Metal Madencilik Isletmeleri A.S.) BIST100 endeksinin bir üyesidir. Şirketin mevcut piyasa değeri 828,5 M TRY'dir. Koza Anadolu Metal Madencilik Isletmeleri A.S. şu anda temettü ödememektedir. Detaylar: Mevcut temettü getirisi hisse başına 0'tir. Koza Anadolu Metal Madencilik Isletmeleri A.S. Enerji dışı mineraller alanında faaliyet göstermektedir. Ekim 2025 de ortalama hisse kuru 90,35 TL dir.
DOAS;Dogus Otomotiv Servis ve Ticaret Anonim Sirketi;791,99 M ;170;21,86;Perakende;BIST100;DOAS (Dogus Otomotiv Servis ve Ticaret Anonim Sirketi) BIST100 endeksinin bir üyesidir. Şirketin mevcut piyasa değeri 791,99 M TRY'dir. Dogus Otomotiv Servis ve Ticaret Anonim Sirketi şu anda temettü ödemektedir. Detaylar: Mevcut temettü getirisi hisse başına 21,86'tir. Bu da DOAS endeks içinde önemli bir temettü ödeyici haline getirmektedir. Dogus Otomotiv Servis ve Ticaret Anonim Sirketi Perakende alanında faaliyet göstermektedir. Ekim 2025 de ortalama hisse kuru 170 TL dir.
ALARK;Alarko Holding A.S.;777,85 M ;76,75;3,35;Finans;BIST100;ALARK (Alarko Holding A.S.) BIST100 endeksinin bir üyesidir. Şirketin mevcut piyasa değeri 777,85 M TRY'dir. Alarko Holding A.S. şu anda temettü ödemektedir. Detaylar: Mevcut temettü getirisi hisse başına 3,35'tir. Bu da ALARK endeks içinde önemli bir temettü ödeyici haline getirmektedir. Alarko Holding A.S. Finans alanında faaliyet göstermektedir. Ekim 2025 de ortalama hisse kuru 76,75 TL dir.
TSKB;Turkiye Sinai Kalkinma Bankasi A.S.;773,8 M ;11,56;0;Finans;BIST100;TSKB (Turkiye Sinai Kalkinma Bankasi A.S.) BIST100 endeksinin bir üyesidir. Şirketin mevcut piyasa değeri 773,8 M TRY'dir. Turkiye Sinai Kalkinma Bankasi A.S. şu anda temettü ödememektedir. Detaylar: Mevcut temettü getirisi hisse başına 0'tir. Turkiye Sinai Kalkinma Bankasi A.S. Finans alanında faaliyet göstermektedir. Ekim 2025 de ortalama hisse kuru 11,56 TL dir.
MAVI;Mavi Giyim Sanayi ve Ticaret A.S.;707,17 M ;38;3,09;Tüketim malları;BIST100;MAVI (Mavi Giyim Sanayi ve Ticaret A.S.) BIST100 endeksinin bir üyesidir. Şirketin mevcut piyasa değeri 707,17 M TRY'dir. Mavi Giyim Sanayi ve Ticaret A.S. şu anda temettü ödemektedir. Detaylar: Mevcut temettü getirisi hisse başına 3,09'tir. Bu da MAVI endeks içinde önemli bir temettü ödeyici haline getirmektedir. Mavi Giyim Sanayi ve Ticaret A.S. Tüketim malları alanında faaliyet göstermektedir. Ekim 2025 de ortalama hisse kuru 38 TL dir.
TKFEN;Tekfen Holding Anonim Sirketi,702,23 M ;690,17 M ;80,05;0;Endüstriyel hizmetler;BIST100;TKFEN (Tekfen Holding Anonim Sirketi,702,23 M ) BIST100 endeksinin bir üyesidir. Şirketin mevcut piyasa değeri 690,17 M TRY'dir. Tekfen Holding Anonim Sirketi,702,23 M şu anda temettü ödememektedir. Detaylar: Mevcut temettü getirisi hisse başına 0'tir. Tekfen Holding Anonim Sirketi,702,23 M Endüstriyel hizmetler alanında faaliyet göstermektedir. Ekim 2025 de ortalama hisse kuru 80,05 TL dir.
KTLEV;KATILIMEVIM TASARRUF FINANSMAN A.S.,650,25 M ;657,17 M ;13,01;0,71;Finans;BIST100;KTLEV (KATILIMEVIM TASARRUF FINANSMAN A.S.,650,25 M ) BIST100 endeksinin bir üyesidir. Şirketin mevcut piyasa değeri 657,17 M TRY'dir. KATILIMEVIM TASARRUF FINANSMAN A.S.,650,25 M şu anda temettü ödemektedir. Detaylar: Mevcut temettü getirisi hisse başına 0,71'tir. Bu da KTLEV endeks içinde önemli bir temettü ödeyici haline getirmektedir. KATILIMEVIM TASARRUF FINANSMAN A.S.,650,25 M Finans alanında faaliyet göstermektedir. Ekim 2025 de ortalama hisse kuru 13,01 TL dir.
HEKTS;Hektas Ticaret T.A.S.;640,77 M ;3,17;0;İmalat sanayi;BIST100;HEKTS (Hektas Ticaret T.A.S.) BIST100 endeksinin bir üyesidir. Şirketin mevcut piyasa değeri 640,77 M TRY'dir. Hektas Ticaret T.A.S. şu anda temettü ödememektedir. Detaylar: Mevcut temettü getirisi hisse başına 0'tir. Hektas Ticaret T.A.S. İmalat sanayi alanında faaliyet göstermektedir. Ekim 2025 de ortalama hisse kuru 3,17 TL dir.
KRDMD;Kardemir Karabiik Demir celik Sanayi ve Ticaret A.S. Class D,636,66 M ;607,17 M ;24,46;0;Enerji dışı mineraller;BIST100;KRDMD (Kardemir Karabiik Demir celik Sanayi ve Ticaret A.S. Class D,636,66 M ) BIST100 endeksinin bir üyesidir. Şirketin mevcut piyasa değeri 607,17 M TRY'dir. Kardemir Karabiik Demir celik Sanayi ve Ticaret A.S. Class D,636,66 M şu anda temettü ödemektedir. Detaylar: Mevcut temettü getirisi hisse başına 0'tir. Kardemir Karabiik Demir celik Sanayi ve Ticaret A.S. Class D,636,66 M Enerji dışı mineraller alanında faaliyet göstermektedir. Ekim 2025 de ortalama hisse kuru 24,46 TL dir.
BSOKE;Batisoke Soke Cimento Sanayii T.A.S.;577,99 M ;15,13;0;Enerji dışı mineraller;BIST100;BSOKE (Batisoke Soke Cimento Sanayii T.A.S.) BIST100 endeksinin bir üyesidir. Şirketin mevcut piyasa değeri 577,99 M TRY'dir. Batisoke Soke Cimento Sanayii T.A.S. şu anda temettü ödememektedir. Detaylar: Mevcut temettü getirisi hisse başına 0'tir. Batisoke Soke Cimento Sanayii T.A.S. Enerji dışı mineraller alanında faaliyet göstermektedir. Ekim 2025 de ortalama hisse kuru 15,13 TL dir.
KCAER;Kocaer Celik Sanayi ve Ticaret AS;568,31 M ;12,47;0,68;Enerji dışı mineraller;BIST100;KCAER (Kocaer Celik Sanayi ve Ticaret AS) BIST100 endeksinin bir üyesidir. Şirketin mevcut piyasa değeri 568,31 M TRY'dir. Kocaer Celik Sanayi ve Ticaret AS şu anda temettü ödemektedir. Detaylar: Mevcut temettü getirisi hisse başına 0,68'tir. Bu da KCAER endeks içinde önemli bir temettü ödeyici haline getirmektedir. Kocaer Celik Sanayi ve Ticaret AS Enerji dışı mineraller alanında faaliyet göstermektedir. Ekim 2025 de ortalama hisse kuru 12,47 TL dir.
EGEEN;Ege Endustri ve Ticaret A.S.;561,45 M ;7.715;0,7;Üretici üretim;BIST100;EGEEN (Ege Endustri ve Ticaret A.S.) BIST 100 endeksinin bir üyesidir. Şirketin mevcut piyasa değeri 561,45 M TRY'dir. Ege Endustri ve Ticaret A.S. şu anda temettü ödemektedir. Detaylar: Mevcut temettü getirisi hisse başına 0,7'tir. Bu da EGEEN endeks içinde önemli bir temettü ödeyici haline getirmektedir. Ege Endustri ve Ticaret A.S. Üretici üretim alanında faaliyet göstermektedir. Ekim 2025 de ortalama hisse kuru 7.715 TL dir.
CWENE;CW ENERJI MUHENDISLIK TICARET VE SANAYI A.S.;557,41 M ;22,68;0,4;Elektronik teknolojisi;BIST100;"CWENE (CW ENERJI MUHENDISLIK TICARET VE SANAYI A.S.) ""BIST 100 endeksinin bir üyesidir. Şirketin mevcut piyasa değeri 557,41 M TRY'dir. CW ENERJI MUHENDISLIK TICARET VE SANAYI A.S. şu anda temettü ödemektedir. Detaylar: Mevcut temettü getirisi hisse başına 0,4'tir. Bu da CWENE endeks içinde önemli bir temettü ödeyici haline getirmektedir. CW ENERJI MUHENDISLIK TICARET VE SANAYI A.S. Elektronik teknolojisi alanında faaliyet göstermektedir. Ekim 2025 de ortalama hisse kuru 22,68 TL dir.
BTCIM;Baticim Bati Anadolu Cimento Sanayii A.S.;545,54 M ;4,1;0;Enerji dışı mineraller;BIST100;"BTCIM (Baticim Bati Anadolu Cimento Sanayii A.S.) BIST 100 endeksinin bir üyesidir. Şirketin mevcut piyasa değeri 545,54 M TRY'dir. Baticim Bati Anadolu Cimento Sanayii A.S. şu anda temettü ödememektedir. Detaylar: Mevcut temettü getirisi hisse başına 0'tir. Baticim Bati Anadolu Cimento Sanayii A.S. Enerji dışı mineraller alanında faaliyet göstermektedir. Ekim 2025 de ortalama hisse kuru 4,1 TL dir.
SOKM;Sok Marketler Ticaret AS;542,55 M ;38,6;6,49;Perakende;BIST100;"SOKM (Sok Marketler Ticaret AS) BIST 100 endeksinin bir üyesidir. Şirketin mevcut piyasa değeri 542,55 M TRY'dir. Sok Marketler Ticaret AS şu anda temettü ödemektedir. Detaylar: Mevcut temettü getirisi hisse başına 6,49'tir. Bu da SOKM endeks içinde önemli bir temettü ödeyici haline getirmektedir. Sok Marketler Ticaret AS Perakende alanında faaliyet göstermektedir. Ekim 2025 de ortalama hisse kuru 38,6 TL dir.
OBAMS;Oba Makarnacilik Sanayi Ve Ticaret A. S.;472,61 M ;41,46;1,53;Tüketim malları;BIST100;"OBAMS (Oba Makarnacilik Sanayi Ve Ticaret A. S.) BIST 100 endeksinin bir üyesidir. Şirketin mevcut piyasa değeri 472,61 M TRY'dir. Oba Makarnacilik Sanayi Ve Ticaret A. S. şu anda temettü ödemektedir. Detaylar: Mevcut temettü getirisi hisse başına 1,53'tir. Bu da OBAMS endeks içinde önemli bir temettü ödeyici haline getirmektedir. Oba Makarnacilik Sanayi Ve Ticaret A. S. Tüketim malları alanında faaliyet göstermektedir. Ekim 2025 de ortalama hisse kuru 41,46 TL dir."""
KONTR;Kontrolmatik Teknoloji Enerji ve Muhendislik AS;464,48 M ;30,06;0,1;Tedarik tesisleri;BIST100;KONTR (Kontrolmatik Teknoloji Enerji ve Muhendislik AS) BIST 100 endeksinin bir üyesidir. Şirketin mevcut piyasa değeri 464,48 M TRY'dir. Kontrolmatik Teknoloji Enerji ve Muhendislik AS şu anda temettü ödemektedir. Detaylar: Mevcut temettü getirisi hisse başına 0,1'tir. Bu da KONTR endeks içinde önemli bir temettü ödeyici haline getirmektedir. Kontrolmatik Teknoloji Enerji ve Muhendislik AS Tedarik tesisleri alanında faaliyet göstermektedir. Ekim 2025 de ortalama hisse kuru 30,06 TL dir.
GESAN;GIRISIM ELEKTRIK SANAYI TAAHHUT VE TICARET A.S.;464,25 M ;43;0;Elektronik teknolojisi;BIST100;"GESAN (GIRISIM ELEKTRIKSANAYI TAAHHUT VE TICARET A.S.) BIST 100 endeksinin bir üyesidir. Şirketin mevcut piyasa değeri 464,25 M TRY'dir. GIRISIM ELEKTRIK SANAYI TAAHHUT VE TICARET A.S. şu anda temettü ödememektedir. Detaylar: Mevcut temettü getirisi hisse başına 0'tir. GIRISIM ELEKTRIK SANAYI TAAHHUT VEbTICARET A.S. Elektronik teknolojisi alanında faaliyet göstermektedir. Ekim 2025 de ortalama hisse kuru 43 TL dir."""
MIATK;MIA Teknoloji AS;454,53 M ;39,1;0;Teknoloji hizmetleri;BIST100;"MIATK (MIA Teknoloji AS) BIST 100 endeksinin bir üyesidir. Şirketin mevcut piyasa değeri 454,53 M TRY'dir. MIA Teknoloji AS şu anda temettü ödememektedir. Detaylar: Mevcut temettü getirisi hisse başına 0'tir. MIA Teknoloji AS Teknoloji hizmetleri alanında faaliyet göstermektedir. Ekim 2025 de ortalama hisse kuru 39,1 TL dir.
GSRAY;Galatasaray Sportif Sinai Veticari Yatirimlar A.S.;437,06 M ;1,38;0;Tüketici hizmetleri;BIST100;GSRAY (Galatasaray Sportif Sinai Veticari Yatirimlar A.S.) BIST 100 endeksinin bir üyesidir. Şirketin mevcut piyasa değeri 437,06 M TRY'dir. Galatasaray Sportif Sinai Veticari Yatirimlar A.S. şu anda temettü ödememektedir. Detaylar: Mevcut temettü getirisi hisse başına 0'tir. Galatasaray Sportif Sinai Veticari Yatirimlar A.S. Tüketici hizmetleri alanında faaliyet göstermektedir. Ekim 2025 de ortalama hisse kuru 1,38 TL dir. 
IPEKE;Ipek Dogal Enerji Kaynaklari AraGtirma ve Uretim A.S.;426,62 M ;70,2;0;Enerji mineralleri;BIST100;IPEKE (Ipek Dogal Enerji Kaynaklari AraGtirma ve Uretim A.S.) BIST 100 endeksinin bir üyesidir. Şirketin mevcut piyasa değeri 426,62 M TRY'dir. Ipek Dogal Enerji Kaynaklari AraGtirma ve Uretim A.S. şu anda temettü ödememektedir. Detaylar: Mevcut temettü getirisi hisse başına 0'tir. Ipek Dogal Enerji Kaynaklari AraGtirma ve Uretim A.S. Enerji mineralleri alanında faaliyet göstermektedir. Ekim 2025 de ortalama hisse kuru 70,2 TL dir.
ZOREN;Zorlu Enerji Elektrik Uretim A.S.;411,72 M ;3,38;0;Tedarik tesisleri;BIST100;"ZOREN (Zorlu Enerji Elektrik Uretim A.S.) BIST 100 endeksinin bir üyesidir. Şirketin mevcut piyasa değeri 411,72 M TRY'dir. Zorlu Enerji Elektrik Uretim A.S. şu anda temettü ödememektedir. Detaylar: Mevcut temettü getirisi hisse başına 0'tir. Zorlu Enerji Elektrik Uretim A.S. Tedarik tesisleri alanında faaliyet göstermektedir. Ekim 2025 de ortalama hisse kuru 3,38 TL dir.
KUYAS;Kuyas Yatirim A.S.;407,68 M ;47,12;0;Finans;BIST100;"KUYAS (Kuyas Yatirim A.S.) BIST 100 endeksinin bir üyesidir. Şirketin mevcut piyasa değeri 407,68 M TRY'dir. Kuyas Yatirim A.S. şu anda temettü ödememektedir. Detaylar: Mevcut temettü getirisi hisse başına 0'tir. Kuyas Yatirim A.S. Finans alanında faaliyet göstermektedir. Ekim 2025 de ortalama hisse kuru 47,12 TL dir.
EUPWR;Europower Enerji ve Otomasyon Teknolojileri Sanayi Ticaret AS;406,6 M ;25,9;0;Üretici üretim;BIST100;EUPWR (Europower Enerji ve Otomasyon Teknolojileri Sanayi Ticaret AS) BIST 100 endeksinin bir üyesidir. Şirketin mevcut piyasa değeri 406,6 M TRY'dir. Europower Enerji ve Otomasyon Teknolojileri Sanayi Ticaret AS şu anda temettü ödememektedir. Detaylar: Mevcut temettü getirisi hisse başına 0'tir. Europower Enerji ve Otomasyon Teknolojileri Sanayi Ticaret AS Üretici üretim alanında faaliyet göstermektedir. Ekim 2025 de ortalama hisse kuru 25,9 TL dir.
PATEK;Pasifik Teknoloji AS;399,48 M ;27,76;0;Teknoloji hizmetleri;BIST100;"PATEK (Pasifik Teknoloji AS) BIST 100 endeksinin bir üyesidir. Şirketin mevcut piyasa değeri 399,48 M TRY'dir. Pasifik Teknoloji AS şu anda temettü ödememektedir. Detaylar: Mevcut temettü getirisi hisse başına 0'tir. Pasifik Teknoloji AS Teknoloji hizmetleri alanında faaliyet göstermektedir. Ekim 2025 de ortalama hisse kuru 27,76 TL dir.
SKBNK;Sekerbank T.A.S.;392,95 M ;6,62;0,75;Finans;BIST100;"SKBNK (Sekerbank T.A.S.) BIST 100 endeksinin bir üyesidir. Şirketin mevcut piyasa değeri 392,95 M TRY'dir. Sekerbank T.A.S. şu anda temettü ödemektedir. Detaylar: Mevcut temettü getirisi hisse başına 0,75'tir. Bu da SKBNK endeks içinde önemli bir temettü ödeyici haline getirmektedir. Sekerbank T.A.S. Finans alanında faaliyet göstermektedir. Ekim 2025 de ortalama hisse kuru 6,62 TL dir.
IEYHO;Isiklar Enerji ve Yapi Holding Anonim Sirketi;379,73 M ;29,68;0;İmalat sanayi;BIST100;IEYHO (Isiklar Enerji ve Yapi Holding Anonim Sirketi) BIST 100 endeksinin bir üyesidir. Şirketin mevcut piyasa değeri 379,73 M TRY'dir. Isiklar Enerji ve Yapi Holding Anonim Sirketi İmalat sanayi alanında faaliyet göstermektedir. Ekim 2025 de ortalama hisse kuru 29,68 TL dir.
ALTNY;Altinay Savunma Teknolojileri A.S.;370,12 M ;66,25;0;Elektronik teknolojisi;BIST100;ALTNY (Altinay Savunma Teknolojileri A.S.) BIST 100 endeksinin bir üyesidir. Şirketin mevcut piyasa değeri 370,12 M TRY'dir. Altinay Savunma Teknolojileri A.S. şu anda temettü ödememektedir. Detaylar: . Altinay Savunma Teknolojileri A.S. Elektronik teknolojisi alanında faaliyet göstermektedir. Ekim 2025 deortalama hisse kuru 66,25 TL dir.
CANTE;CAN2 TERMIK A.S.;330,08 M ;1,98;0;Tedarik tesisleri;BIST100;"CANTE (CAN2 TERMIK A.S.) ""BIST 100 endeksinin bir üyesidir. Şirketin mevcut piyasadeğeri 330,08 M TRY'dir. CAN2 TERMIK A.S. şu anda temettü ödememektedir. Detaylar: CAN2 TERMIK A.S. Tedarik tesisleri alanında faaliyet göstermektedir. Ekim 2025 de ortalama hisse kuru 1,98 TL dir."
FENER;Fenerbahce Futbol A.S.;296,18 M ;9,96;0;Tüketici hizmetleri;BIST100;"FENER (Fenerbahce Futbol A.S.) BIST 100 endeksinin bir üyesidir. Şirketin mevcut piyasa değeri 296,18 M TRY'dir. Detaylar: Fenerbahce Futbol A.S. Tüketici hizmetleri alanında faaliyet göstermektedir. Ekim 2025 de ortalama hisse kuru 9,96 TL dir.
TUKAS;Tukas Gida Sanayi ve Ticaret Anonim Sirketi;286,09 M ;2,65;0;Tüketim malları;BIST100;TUKAS (Tukas Gida Sanayi ve Ticaret Anonim Sirketi) BIST 100 endeksinin bir üyesidir. Şirketin mevcut piyasa değeri 286,09 M TRY'dir. Detaylar: Tukas Gid Sanayi ve Ticaret Anonim Sirketi Tüketim malları alanında faaliyet göstermektedir. Ekim 2025 de ortalama hisse kuru 2,65 TL dir. 
BINHO;1000 Yatirimlar Holding AS;281,18 M ;9,03;0;Teknoloji hizmetleri;BIST100;"BINHO (1000 Yatirimlar Holding AS) BIST 100 endeksinin bir üyesidir. Şirketin mevcut piyasa değeri 281,18 M TRY'dir. Detaylar: 1000 Yatirimlar Holding AS Teknoloji hizmetleri alanında faaliyet göstermektedir. Ekim 2025 de ortalama hisse kuru 9,03 TL dir.
YEOTK;YEO Teknoloji Enerji ve Endustri A.S.;280,16 M ;33,1;0;Tedarik tesisleri;BIST100;YEOTK (YEO Teknoloji Enerji ve Endustri A.S.) BIST 100 endeksinin bir üyesidir. Şirketin mevcut piyasa değeri 280,16 M TRY'dir. Detaylar: YEO Teknoloji Enerji ve Endustri A.S. Tedarik tesisleri alanında faaliyet göstermektedir. Ekim 2025 de ortalama hisse kuru 33,1 TL dir.
VESTL;Vestel Elektronik Sanayi ve Ticaret A.S.;253,41 M ;31,82;0;Kullanım malları;BIST100;VESTL (Vestel Elektronik Sanayi ve Ticaret A.S.) BIST 100 endeksinin bir üyesidir. Şirketin mevcut piyasa değeri 253,41 M TRY'dir. Detaylar: Vestel Elektronik Sanayi ve Ticaret A.S. Kullanım malları alanında faaliyet göstermektedir. Ekim 2025 de ortalama hisse kuru 31,82 TL dir.
REEDR;Reeder Teknoloji Sanayi ve Ticaret A.S.;220,42 M ;9,6;0;Teknoloji hizmetleri;BIST100;REEDR (Reeder Teknoloji Sanayi ve Ticaret A.S.) BIST 100 endeksinin bir üyesidir. Şirketin mevcut piyasa değeri 220,42 M TRY'dir. Reeder Teknoloji Sanayi ve Ticaret A.S. şu anda temettü ödemektedir. Detaylar: Mevcut temettü getirisi hisse başına 0'tir. Bu da REEDR endeks içinde önemli bir temettü ödeyici haline getirmektedir. Reeder Teknoloji Sanayi ve Ticaret A.S. Teknoloji hizmetleri alanında faaliyet göstermektedir. Ekim 2025 de ortalama hisse kuru 9,6 TL dir.
TSPOR;Trabzonspor Sportif Yatirim ve Futbol Isletmeciligi Ticaret A.S.;209,38 M;1,18;0;Tüketici hizmetleri;BIST100;"TSPOR (Trabzonspor Sportif Yatirim ve Futbol Isletmeciligi Ticaret A.S.) BIST 100 endeksinin bir üyesidir. Şirketin mevcut piyasa değeri 209,38 M TRY'dir. Trabzonspor Sportif Yatirim ve Futbol Isletmeciligi Ticaret A.S. şu anda temettü ödememektedir. Detaylar: Trabzonspor Sportif Yatirim ve Futbol Isletmeciligi Ticaret A.S. Tüketici hizmetleri alanında faaliyet göstermektedir. Ekim 2025 de ortalama hisse kuru 1,18 TL dir.
TUREX;TUREKS TURIZM TASIMACILIK A.S.;201,17 M ;10,18;0;Finans;BIST100;"TUREX (TUREKS TURIZM TASIMACILIK A.S.) BIST 100 endeksinin bir üyesidir. Şirketin mevcut piyasa değeri 201,17 M TRY'dir. TUREKS TURIZM TASIMACILIK A.S. şu anda temettü ödemektedir. Detaylar: Mevcut temettü getirisi hisse başına 0'tir. Bu da"" TUREX endeks içinde önemli bir temettü ödeyici haline getirmektedir. TUREKS TURIZM TASIMACILIK A.S. Finans alanında faaliyet göstermektedir. Ekim 2025 de ortalama hisse kuru 10,18 TL dir.
ODAS;ODAS Elektrik Uretim Sanayi Ticaret A.S.;170,79 M;5,04;0;Tedarik tesisleri;BIST100;"ODAS (ODAS Elektrik Uretim Sanayi Ticaret A.S.) BIST 100 endeksinin bir üyesidir. Şirketin mevcut piyasa değeri 170,79 M TRY'dir. ODAS Elektrik Uretim Sanayi Ticaret A.S. şu anda temettü ödememektedir. Detaylar: Mevcut temettü getirisi hisse başına 0'tir. Bu da"" ODAS endeks içinde önemli bir temettü ödeyici haline getirmektedir. ODAS Elektrik Uretim Sanayi Ticaret A.S. Tedarik tesisleri alanında faaliyet göstermektedir. Ekim 2025 de ortalama hisse kuru 5,04 TL dir."
GLRMK;Gulermak Agir Sanayi Insaat Ve Taahhut A.S.;1,32 B ;184,5;0;Endüstriyel hizmetler;BIST100;GLRMK (Gulermak Agir Sanayi Insaat Ve Taahhut A.S.) BIST 100 endeksinin bir üyesidir. Şirketin mevcut piyasa değeri 1,32 B TRY'dir. Gulermak Agir Sanayi Insaat Ve Taahhut A.S. şu anda temettü ödememektedir. Detaylar: Gulermak Agir Sanayi Insaat Ve Taahhut A.S. Endüstriyel hizmetler alanında faaliyet göstermektedir. Ekim 2025 de ortalama hisse kuru 184,5 TL dir. 
BALSU;Balsu Gida Sanayi ve Ticaret Anonim Sirketi;572,09 M;20,06;0;Tüketim malları;BIST100;BALSU (Balsu Gida Sanayi ve Ticaret Anonim Sirketi) BIST 100 endeksinin bir üyesidir. Şirketin mevcut piyasa değeri 572,09 M TRY'dir. Balsu Gida Sanayi ve Ticaret Anonim Sirketi şu anda temettü ödememektedir. Detaylar: Mevcut temettü getirisi hisse başına 0'tir. Balsu Gida Sanayi ve Ticaret Anonim Sirketi Tüketim malları alanında faaliyet göstermektedir. Ekim 2025 de ortalama hisse kuru 20,06 TL dir.